<?xml version="1.0"?>
<doc>
    <assembly>
        <name>Aristocrat.Sauron</name>
    </assembly>
    <members>
        <member name="T:Aristocrat.Sauron.EgmInfo">
            <summary>
            
            </summary>
            <seealso cref="T:Aristocrat.Sauron.IEgmInfo" />
        </member>
        <member name="P:Aristocrat.Sauron.EgmInfo.EgmId">
            <summary>
            Gets or sets the identifier of the EGM.
            </summary>
            <value>The identifier of the EGM.</value>
        </member>
        <member name="P:Aristocrat.Sauron.EgmInfo.DeviceClass">
            <summary>
            Gets or sets the device class.
            </summary>
            <value>The device class.</value>
        </member>
        <member name="P:Aristocrat.Sauron.EgmInfo.Info">
            <summary>
            Gets or sets the information.
            </summary>
            <value>The information.</value>
        </member>
        <member name="T:Aristocrat.Sauron.IInfo">
            <summary>
            
            </summary>
        </member>
        <member name="P:Aristocrat.Sauron.IInfo.Topic">
            <summary>
            Gets or sets the topic.
            </summary>
            <value>The topic.</value>
        </member>
        <member name="P:Aristocrat.Sauron.IInfo.Key">
            <summary>
            Gets or sets the key.
            </summary>
            <value>The key.</value>
        </member>
        <member name="P:Aristocrat.Sauron.IInfo.Value">
            <summary>
            Gets or sets the value.
            </summary>
            <value>The value.</value>
        </member>
        <member name="T:Aristocrat.Sauron.IPublisher">
            <summary>
            
            </summary>
        </member>
        <member name="M:Aristocrat.Sauron.IPublisher.Publish(System.String,System.String,System.Object)">
            <summary>
            Publishes the specified information.
            </summary>
            <param name="topic">The topic.</param>
            <param name="key">The key.</param>
            <param name="info">The object to publish.</param>
        </member>
        <member name="T:Aristocrat.Sauron.ISerializer">
            <summary>
            
            </summary>
        </member>
        <member name="M:Aristocrat.Sauron.ISerializer.Serialize(System.Object)">
            <summary>
            Serializes the specified item.
            </summary>
            <param name="value">The object to serialize.</param>
            <returns><paramref name="value"/> serialized as a string.</returns>
        </member>
        <member name="M:Aristocrat.Sauron.ISerializer.Deserialize(System.String)">
            <summary>
            Deserializes the specified stream.
            </summary>
            <param name="value">The string to deserialize.</param>
            <returns>The deserialized object.</returns>
        </member>
        <member name="T:Aristocrat.Sauron.IEgmInfo">
            <summary>
            Interface for startup information.
            </summary>
        </member>
        <member name="P:Aristocrat.Sauron.IEgmInfo.EgmId">
            <summary>
            Gets or sets the identifier of the EGM.
            </summary>
            <value>The identifier of the EGM.</value>
        </member>
        <member name="P:Aristocrat.Sauron.IEgmInfo.DeviceClass">
            <summary>
            Gets or sets the device class.
            </summary>
            <value>The device class.</value>
        </member>
        <member name="P:Aristocrat.Sauron.IEgmInfo.Info">
            <summary>
            Gets or sets the information.
            </summary>
            <value>The information.</value>
        </member>
        <member name="T:Aristocrat.Sauron.IEngine">
            <summary>
            Initializes and starts an application.
            </summary>
        </member>
        <member name="M:Aristocrat.Sauron.IEngine.Open">
            <summary>
            Opens engine communication.
            </summary>
        </member>
        <member name="M:Aristocrat.Sauron.IEngine.Close">
            <summary>
            Closes engine communication.
            </summary>
        </member>
        <member name="T:Aristocrat.Sauron.SauronTrace">
            <summary>
            Helper class for tracing for project Sauron.
            </summary>
        </member>
        <member name="F:Aristocrat.Sauron.SauronTrace.Source">
            <summary>
            The TraceSource identifier to use for tracing Sauron data.
            </summary>
        </member>
    </members>
</doc>
