<?xml version="1.0"?>
<doc>
    <assembly>
        <name>Aristocrat.Sauron.Serialization</name>
    </assembly>
    <members>
        <member name="T:Aristocrat.Sauron.Serialization.Counter">
            <summary>
            
            </summary>
        </member>
        <member name="P:Aristocrat.Sauron.Serialization.Counter.Name">
            <summary>
            Gets or sets the collection.
            </summary>
            <value>The collection.</value>
        </member>
        <member name="P:Aristocrat.Sauron.Serialization.Counter.SequenceNumber">
            <summary>
            Gets or sets the sequence number.
            </summary>
            <value>The sequence number.</value>
        </member>
        <member name="T:Aristocrat.Sauron.Serialization.AnalyticInfo">
            <summary>
            
            </summary>
        </member>
        <member name="P:Aristocrat.Sauron.Serialization.AnalyticInfo.Topic">
            <summary>
            Gets or sets the topic.
            </summary>
            <value>The topic.</value>
        </member>
        <member name="P:Aristocrat.Sauron.Serialization.AnalyticInfo.Key">
            <summary>
            Gets or sets the identifier of the EGM.
            </summary>
            <value>The identifier of the EGM.</value>
        </member>
        <member name="P:Aristocrat.Sauron.Serialization.AnalyticInfo.Value">
            <summary>
            Gets or sets the value.
            </summary>
            <value>The value.</value>
        </member>
        <member name="P:Aristocrat.Sauron.Serialization.AnalyticInfo._id">
            <summary>
            Gets or sets the index.
            </summary>
            <value>The index.</value>
        </member>
        <member name="T:Aristocrat.Sauron.Serialization.JsonSerializer">
            <summary>
            
            </summary>
            <seealso cref="T:Aristocrat.Sauron.ISerializer" />
        </member>
        <member name="M:Aristocrat.Sauron.Serialization.JsonSerializer.Serialize(System.Object)">
            <summary>
            Serializes the specified item.
            </summary>
            <param name="value">The object to serialize.</param>
            <returns><paramref name="value"/> serialized as a string.</returns>
        </member>
        <member name="M:Aristocrat.Sauron.Serialization.JsonSerializer.Deserialize(System.String)">
            <summary>
            Deserializes the specified stream.
            </summary>
            <param name="value">The string to deserialize.</param>
            <returns>The deserialized object.</returns>
        </member>
        <member name="T:Aristocrat.Sauron.Serialization.MongoPublisher">
            <summary>
            
            </summary>
        </member>
        <member name="M:Aristocrat.Sauron.Serialization.MongoPublisher.#ctor">
            <summary>
            Initializes a new instance of the <see cref="T:Aristocrat.Sauron.Serialization.MongoPublisher"/> class.
            </summary>
        </member>
        <member name="M:Aristocrat.Sauron.Serialization.MongoPublisher.Publish(System.String,System.String,System.Object)">
            <summary>
            Publishes the specified information.
            </summary>
            <param name="topic">The topic.</param>
            <param name="key">The key.</param>
            <param name="info">The serialized information.</param>
        </member>
        <member name="P:Aristocrat.Sauron.Serialization.MongoPublisher.Serializer">
            <summary>
            Gets or sets the serializer.
            </summary>
            <value>The serializer.</value>
        </member>
        <member name="T:Aristocrat.Sauron.Serialization.KafkaPublisher">
            <summary>
            
            </summary>
            <seealso cref="T:Aristocrat.Sauron.IPublisher" />
        </member>
        <member name="M:Aristocrat.Sauron.Serialization.KafkaPublisher.#ctor">
            <summary>
            Initializes a new instance of the <see cref="T:Aristocrat.Sauron.Serialization.KafkaPublisher"/> class.
            </summary>
        </member>
        <member name="M:Aristocrat.Sauron.Serialization.KafkaPublisher.Publish(System.String,System.String,System.Object)">
            <summary>
            Publishes the specified information.
            </summary>
            <param name="topic">The topic.</param>
            <param name="key">The key.</param>
            <param name="info">The serialized information.</param>
        </member>
        <member name="T:Aristocrat.Sauron.Serialization.WindsorInstaller">
            <summary>
            
            </summary>
            <seealso cref="T:Castle.MicroKernel.Registration.IWindsorInstaller" />
        </member>
        <member name="M:Aristocrat.Sauron.Serialization.WindsorInstaller.Install(Castle.Windsor.IWindsorContainer,Castle.MicroKernel.SubSystems.Configuration.IConfigurationStore)">
            <summary>
              Performs the installation in the <see cref="T:Castle.Windsor.IWindsorContainer" />.
            </summary>
            <param name="container">The container.</param>
            <param name="store">The configuration store.</param>
        </member>
    </members>
</doc>
