﻿<?xml version="1.0" encoding="utf-8" ?>
<doc>
	<members>
		<member name="R:Project">
			<summary>
				The <b>Aristocrat.Core</b> project provides helper classes for extremely generic functionality.
			</summary>
		</member>
		<member name="N:Aristocrat">
			<summary>
				The <b>Aristocrat</b> namespace provides helper classes for extremely generic functionality.
			</summary>
		</member>
		<member name="N:Aristocrat.Configuration">
			<summary>
				The <b>Aristocrat.Configuration</b> namespace contains the types that provide the programming model for 
				handling configuration data.
			</summary>
		</member>
		<member name="N:Aristocrat.Diagnostics">
			<summary>
				The <b>Aristocrat.Diagnostics</b> namespace provides helper classes that allow you to interact with system
				processes, event logs, and performance counters  that extend the functionality of the 
				<b>System.Diagnostics</b> namespace.<para/>The <b>Aristocrat.Diagnostics</b> namespace also provides classes 
				that allow you to debug your application and to trace the execution of your code. For more information, see 
				the <b>Trace</b> and <b>Debug</b> classes.
			</summary>
		</member>
		<member name="N:Aristocrat.IO">
			<summary>
				The <b>Aristocrat.IO</b> namespace contains helper classes that allow reading and writing to files and data 
				streams, and types that provide basic file and directory support that extend the functionality of the 
				<b>System.IO</b> namespace.
			</summary>
		</member>
		<member name="N:Aristocrat.Linq">
			<summary>
				The <b>Aristocrat.Linq</b> namespace provides classes and interfaces that support queries that use 
				Language-Integrated Query (LINQ).<para/>The <b>Aristocrat.Linq</b> namespace is in the 
				<b>Aristocrat.Core</b> assembly (in <i>Aristocrat.Core.dll</i>).
		</summary>
		</member>
		<member name="N:Aristocrat.Security">
			<summary>
				The <b>Aristocrat.Security</b> namespace provides the helper classes for the common language runtime 
				security system.
			</summary>
		</member>
		<member name="N:Aristocrat.Security.Cryptography">
			<summary>
				The <b>Aristocrat.Security.Cryptography</b> namespace provides cryptographic services, including secure 
				encoding and decoding of data, as well as many other operations, such as hashing, random number generation, 
				and message authentication. For more information, see Cryptographic Services.
			</summary>
		</member>
		<member name="N:Aristocrat.Text">
			<summary>
				The <b>Aristocrat.Text</b> namespace contains classes that represent Base64 and Binary Hex character 
				encodings.<para/>The encoding classes are primarily intended to convert between different encodings or code 
				pages and a Unicode encoding.
			</summary>
		</member>
		<member name="N:Aristocrat.Threading">
			<summary>
				The <b>Aristocrat.Threading</b> namespace provides classes and interfaces that enable multithreaded 
				programming. In addition to classes for synchronizing thread activities and access to data 
				(<b>AsyncResult</b>, <b>ScheduleTimer</b>, <b>WaitableTimer</b>, <b>SynchronizationObject</b>, and so on).
			</summary>
		</member>
	</members>
</doc>
